accession,accession_clean,entity_name,cik,form,filing_date,source_file,text_file,word_count,doc_url
0001193125-24-139394,119312524139394,AFS SENSUB CORP.,1347185,424H,2024-05-15,AFS_SENSUB_CORP__2024-05-15_424H.htm,AFS_SENSUB_CORP__2024-05-15_424H.txt,95876,https://www.sec.gov/Archives/edgar/data/1347185/000119312524139394/d679938d424h.htm
0001193125-24-169068,119312524169068,AFS SENSUB CORP.,1347185,424H,2024-06-26,AFS_SENSUB_CORP__2024-06-26_424H.htm,AFS_SENSUB_CORP__2024-06-26_424H.txt,102449,https://www.sec.gov/Archives/edgar/data/1347185/000119312524169068/d792078d424h.htm
0001193125-24-231284,119312524231284,AFS SENSUB CORP.,1347185,424H,2024-10-02,AFS_SENSUB_CORP__2024-10-02_424H.htm,AFS_SENSUB_CORP__2024-10-02_424H.txt,102780,https://www.sec.gov/Archives/edgar/data/1347185/000119312524231284/d847362d424h.htm
0001193125-25-002125,119312525002125,AFS SENSUB CORP.,1347185,424H,2025-01-06,AFS_SENSUB_CORP__2025-01-06_424H.htm,AFS_SENSUB_CORP__2025-01-06_424H.txt,101333,https://www.sec.gov/Archives/edgar/data/1347185/000119312525002125/d909372d424h.htm
0001193125-25-109987,119312525109987,AFS SENSUB CORP.,1347185,424H,2025-05-01,AFS_SENSUB_CORP__2025-05-01_424H.htm,AFS_SENSUB_CORP__2025-05-01_424H.txt,110934,https://www.sec.gov/Archives/edgar/data/1347185/000119312525109987/d111258d424h.htm
0001193125-25-155549,119312525155549,AFS SENSUB CORP.,1347185,424H,2025-07-03,AFS_SENSUB_CORP__2025-07-03_424H.htm,AFS_SENSUB_CORP__2025-07-03_424H.txt,105416,https://www.sec.gov/Archives/edgar/data/1347185/000119312525155549/d918278d424h.htm
0001193125-25-248485,119312525248485,AFS SENSUB CORP.,1347185,424H,2025-10-23,AFS_SENSUB_CORP__2025-10-23_424H.htm,AFS_SENSUB_CORP__2025-10-23_424H.txt,94093,https://www.sec.gov/Archives/edgar/data/1347185/000119312525248485/d58892d424h.htm
0001193125-26-002340,119312526002340,AFS SENSUB CORP.,1347185,424H,2026-01-05,AFS_SENSUB_CORP__2026-01-05_424H.htm,AFS_SENSUB_CORP__2026-01-05_424H.txt,100727,https://www.sec.gov/Archives/edgar/data/1347185/000119312526002340/d45533d424h.htm
0001193125-26-142046,119312526142046,AFS SENSUB CORP.,1347185,424H,2026-04-03,AFS_SENSUB_CORP__2026-04-03_424H.htm,AFS_SENSUB_CORP__2026-04-03_424H.txt,91967,https://www.sec.gov/Archives/edgar/data/1347185/000119312526142046/d102168d424h.htm
0001193125-26-294517,119312526294517,AFS SENSUB CORP.,1347185,424H,2026-07-02,AFS_SENSUB_CORP__2026-07-02_424H.htm,AFS_SENSUB_CORP__2026-07-02_424H.txt,92754,https://www.sec.gov/Archives/edgar/data/1347185/000119312526294517/d12434d424h.htm
"htm_filename
AMERICAN_EXPRESS_CREDIT_ACCOUNT_MASTER_TRUST_2024-04-11_424H.htm    0001193125-24-092834
AMERICAN_EXPRESS_CREDIT_ACCOUNT_MASTER_TRUST_2024-04-11_424H.htm    0001193125-24-092825
Name: accession, dtype: str","htm_filename
AMERICAN_EXPRESS_CREDIT_ACCOUNT_MASTER_TRUST_2024-04-11_424H.htm    119312524092834
AMERICAN_EXPRESS_CREDIT_ACCOUNT_MASTER_TRUST_2024-04-11_424H.htm    119312524092825
Name: accession_clean, dtype: int64","htm_filename
AMERICAN_EXPRESS_CREDIT_ACCOUNT_MASTER_TRUST_2024-04-11_424H.htm    AMERICAN EXPRESS CREDIT ACCOUNT MASTER TRUST
AMERICAN_EXPRESS_CREDIT_ACCOUNT_MASTER_TRUST_2024-04-11_424H.htm    AMERICAN EXPRESS CREDIT ACCOUNT MASTER TRUST
Name: entity_name, dtype: str","htm_filename
AMERICAN_EXPRESS_CREDIT_ACCOUNT_MASTER_TRUST_2024-04-11_424H.htm    1003509
AMERICAN_EXPRESS_CREDIT_ACCOUNT_MASTER_TRUST_2024-04-11_424H.htm    1003509
Name: cik, dtype: int64","htm_filename
AMERICAN_EXPRESS_CREDIT_ACCOUNT_MASTER_TRUST_2024-04-11_424H.htm    424H
AMERICAN_EXPRESS_CREDIT_ACCOUNT_MASTER_TRUST_2024-04-11_424H.htm    424H
Name: form, dtype: str","htm_filename
AMERICAN_EXPRESS_CREDIT_ACCOUNT_MASTER_TRUST_2024-04-11_424H.htm    2024-04-11
AMERICAN_EXPRESS_CREDIT_ACCOUNT_MASTER_TRUST_2024-04-11_424H.htm    2024-04-11
Name: filing_date, dtype: str",AMERICAN_EXPRESS_CREDIT_ACCOUNT_MASTER_TRUST_2024-04-11_424H.htm,AMERICAN_EXPRESS_CREDIT_ACCOUNT_MASTER_TRUST_2024-04-11_424H.txt,101300,"htm_filename
AMERICAN_EXPRESS_CREDIT_ACCOUNT_MASTER_TRUST_2024-04-11_424H.htm    https://www.sec.gov/Archives/edgar/data/100350...
AMERICAN_EXPRESS_CREDIT_ACCOUNT_MASTER_TRUST_2024-04-11_424H.htm    https://www.sec.gov/Archives/edgar/data/100350...
Name: doc_url, dtype: str"
0001193125-24-177529,119312524177529,AMERICAN EXPRESS CREDIT ACCOUNT MASTER TRUST,1003509,424H,2024-07-11,AMERICAN_EXPRESS_CREDIT_ACCOUNT_MASTER_TRUST_2024-07-11_424H.htm,AMERICAN_EXPRESS_CREDIT_ACCOUNT_MASTER_TRUST_2024-07-11_424H.txt,101077,https://www.sec.gov/Archives/edgar/data/1003509/000119312524177529/d105166d424h.htm
0001193125-25-015957,119312525015957,AMERICAN EXPRESS CREDIT ACCOUNT MASTER TRUST,1003509,424H,2025-01-30,AMERICAN_EXPRESS_CREDIT_ACCOUNT_MASTER_TRUST_2025-01-30_424H.htm,AMERICAN_EXPRESS_CREDIT_ACCOUNT_MASTER_TRUST_2025-01-30_424H.txt,101456,https://www.sec.gov/Archives/edgar/data/1003509/000119312525015957/d764677d424h.htm
"htm_filename
AMERICAN_EXPRESS_CREDIT_ACCOUNT_MASTER_TRUST_2025-05-01_424H.htm    0001193125-25-109170
AMERICAN_EXPRESS_CREDIT_ACCOUNT_MASTER_TRUST_2025-05-01_424H.htm    0001193125-25-109153
Name: accession, dtype: str","htm_filename
AMERICAN_EXPRESS_CREDIT_ACCOUNT_MASTER_TRUST_2025-05-01_424H.htm    119312525109170
AMERICAN_EXPRESS_CREDIT_ACCOUNT_MASTER_TRUST_2025-05-01_424H.htm    119312525109153
Name: accession_clean, dtype: int64","htm_filename
AMERICAN_EXPRESS_CREDIT_ACCOUNT_MASTER_TRUST_2025-05-01_424H.htm    AMERICAN EXPRESS CREDIT ACCOUNT MASTER TRUST
AMERICAN_EXPRESS_CREDIT_ACCOUNT_MASTER_TRUST_2025-05-01_424H.htm    AMERICAN EXPRESS CREDIT ACCOUNT MASTER TRUST
Name: entity_name, dtype: str","htm_filename
AMERICAN_EXPRESS_CREDIT_ACCOUNT_MASTER_TRUST_2025-05-01_424H.htm    1003509
AMERICAN_EXPRESS_CREDIT_ACCOUNT_MASTER_TRUST_2025-05-01_424H.htm    1003509
Name: cik, dtype: int64","htm_filename
AMERICAN_EXPRESS_CREDIT_ACCOUNT_MASTER_TRUST_2025-05-01_424H.htm    424H
AMERICAN_EXPRESS_CREDIT_ACCOUNT_MASTER_TRUST_2025-05-01_424H.htm    424H
Name: form, dtype: str","htm_filename
AMERICAN_EXPRESS_CREDIT_ACCOUNT_MASTER_TRUST_2025-05-01_424H.htm    2025-05-01
AMERICAN_EXPRESS_CREDIT_ACCOUNT_MASTER_TRUST_2025-05-01_424H.htm    2025-05-01
Name: filing_date, dtype: str",AMERICAN_EXPRESS_CREDIT_ACCOUNT_MASTER_TRUST_2025-05-01_424H.htm,AMERICAN_EXPRESS_CREDIT_ACCOUNT_MASTER_TRUST_2025-05-01_424H.txt,101361,"htm_filename
AMERICAN_EXPRESS_CREDIT_ACCOUNT_MASTER_TRUST_2025-05-01_424H.htm    https://www.sec.gov/Archives/edgar/data/100350...
AMERICAN_EXPRESS_CREDIT_ACCOUNT_MASTER_TRUST_2025-05-01_424H.htm    https://www.sec.gov/Archives/edgar/data/100350...
Name: doc_url, dtype: str"
"htm_filename
AMERICAN_EXPRESS_CREDIT_ACCOUNT_MASTER_TRUST_2025-07-10_424H.htm    0001193125-25-157440
AMERICAN_EXPRESS_CREDIT_ACCOUNT_MASTER_TRUST_2025-07-10_424H.htm    0001193125-25-157438
Name: accession, dtype: str","htm_filename
AMERICAN_EXPRESS_CREDIT_ACCOUNT_MASTER_TRUST_2025-07-10_424H.htm    119312525157440
AMERICAN_EXPRESS_CREDIT_ACCOUNT_MASTER_TRUST_2025-07-10_424H.htm    119312525157438
Name: accession_clean, dtype: int64","htm_filename
AMERICAN_EXPRESS_CREDIT_ACCOUNT_MASTER_TRUST_2025-07-10_424H.htm    AMERICAN EXPRESS CREDIT ACCOUNT MASTER TRUST
AMERICAN_EXPRESS_CREDIT_ACCOUNT_MASTER_TRUST_2025-07-10_424H.htm    AMERICAN EXPRESS CREDIT ACCOUNT MASTER TRUST
Name: entity_name, dtype: str","htm_filename
AMERICAN_EXPRESS_CREDIT_ACCOUNT_MASTER_TRUST_2025-07-10_424H.htm    1003509
AMERICAN_EXPRESS_CREDIT_ACCOUNT_MASTER_TRUST_2025-07-10_424H.htm    1003509
Name: cik, dtype: int64","htm_filename
AMERICAN_EXPRESS_CREDIT_ACCOUNT_MASTER_TRUST_2025-07-10_424H.htm    424H
AMERICAN_EXPRESS_CREDIT_ACCOUNT_MASTER_TRUST_2025-07-10_424H.htm    424H
Name: form, dtype: str","htm_filename
AMERICAN_EXPRESS_CREDIT_ACCOUNT_MASTER_TRUST_2025-07-10_424H.htm    2025-07-10
AMERICAN_EXPRESS_CREDIT_ACCOUNT_MASTER_TRUST_2025-07-10_424H.htm    2025-07-10
Name: filing_date, dtype: str",AMERICAN_EXPRESS_CREDIT_ACCOUNT_MASTER_TRUST_2025-07-10_424H.htm,AMERICAN_EXPRESS_CREDIT_ACCOUNT_MASTER_TRUST_2025-07-10_424H.txt,101009,"htm_filename
AMERICAN_EXPRESS_CREDIT_ACCOUNT_MASTER_TRUST_2025-07-10_424H.htm    https://www.sec.gov/Archives/edgar/data/100350...
AMERICAN_EXPRESS_CREDIT_ACCOUNT_MASTER_TRUST_2025-07-10_424H.htm    https://www.sec.gov/Archives/edgar/data/100350...
Name: doc_url, dtype: str"
0001104659-24-058047,110465924058047,AMERICAN HONDA RECEIVABLES LLC,890975,424H,2024-05-07,AMERICAN_HONDA_RECEIVABLES_LLC_2024-05-07_424H.htm,AMERICAN_HONDA_RECEIVABLES_LLC_2024-05-07_424H.txt,102822,https://www.sec.gov/Archives/edgar/data/890975/000110465924058047/tm2411701d4_424h.htm
0001104659-24-086321,110465924086321,AMERICAN HONDA RECEIVABLES LLC,890975,424H,2024-08-06,AMERICAN_HONDA_RECEIVABLES_LLC_2024-08-06_424H.htm,AMERICAN_HONDA_RECEIVABLES_LLC_2024-08-06_424H.txt,101747,https://www.sec.gov/Archives/edgar/data/890975/000110465924086321/tm2418985d3_424h.htm
0001104659-24-107060,110465924107060,AMERICAN HONDA RECEIVABLES LLC,890975,424H,2024-10-08,AMERICAN_HONDA_RECEIVABLES_LLC_2024-10-08_424H.htm,AMERICAN_HONDA_RECEIVABLES_LLC_2024-10-08_424H.txt,102849,https://www.sec.gov/Archives/edgar/data/890975/000110465924107060/tm2424075d3_424h.htm
0001104659-25-007138,110465925007138,AMERICAN HONDA RECEIVABLES LLC,890975,424H,2025-01-29,AMERICAN_HONDA_RECEIVABLES_LLC_2025-01-29_424H.htm,AMERICAN_HONDA_RECEIVABLES_LLC_2025-01-29_424H.txt,102117,https://www.sec.gov/Archives/edgar/data/890975/000110465925007138/tm2429763d5_424h.htm
0001104659-25-038454,110465925038454,AMERICAN HONDA RECEIVABLES LLC,890975,424H,2025-04-24,AMERICAN_HONDA_RECEIVABLES_LLC_2025-04-24_424H.htm,AMERICAN_HONDA_RECEIVABLES_LLC_2025-04-24_424H.txt,113528,https://www.sec.gov/Archives/edgar/data/890975/000110465925038454/tm2511120d4_424h.htm
0001104659-25-072043,110465925072043,AMERICAN HONDA RECEIVABLES LLC,890975,424H,2025-07-30,AMERICAN_HONDA_RECEIVABLES_LLC_2025-07-30_424H.htm,AMERICAN_HONDA_RECEIVABLES_LLC_2025-07-30_424H.txt,112083,https://www.sec.gov/Archives/edgar/data/890975/000110465925072043/tm2520905d3_424h.htm
0001104659-25-103730,110465925103730,AMERICAN HONDA RECEIVABLES LLC,890975,424H,2025-10-29,AMERICAN_HONDA_RECEIVABLES_LLC_2025-10-29_424H.htm,AMERICAN_HONDA_RECEIVABLES_LLC_2025-10-29_424H.txt,113585,https://www.sec.gov/Archives/edgar/data/890975/000110465925103730/tm2527753d3_424h.htm
0001104659-26-009632,110465926009632,AMERICAN HONDA RECEIVABLES LLC,890975,424H,2026-02-03,AMERICAN_HONDA_RECEIVABLES_LLC_2026-02-03_424H.htm,AMERICAN_HONDA_RECEIVABLES_LLC_2026-02-03_424H.txt,118796,https://www.sec.gov/Archives/edgar/data/890975/000110465926009632/tm262279d3_424h.htm
0001104659-26-051440,110465926051440,AMERICAN HONDA RECEIVABLES LLC,890975,424H,2026-04-29,AMERICAN_HONDA_RECEIVABLES_LLC_2026-04-29_424H.htm,AMERICAN_HONDA_RECEIVABLES_LLC_2026-04-29_424H.txt,119967,https://www.sec.gov/Archives/edgar/data/890975/000110465926051440/tm2611296d3_424h.htm
0001104659-26-088181,110465926088181,AMERICAN HONDA RECEIVABLES LLC,890975,424H,2026-07-29,AMERICAN_HONDA_RECEIVABLES_LLC_2026-07-29_424H.htm,AMERICAN_HONDA_RECEIVABLES_LLC_2026-07-29_424H.txt,118439,https://www.sec.gov/Archives/edgar/data/890975/000110465926088181/tm2620484d3_424h.htm
0001193125-24-049659,119312524049659,Ally Auto Assets LLC,1477336,424H,2024-02-28,Ally_Auto_Assets_LLC_2024-02-28_424H.htm,Ally_Auto_Assets_LLC_2024-02-28_424H.txt,113722,https://www.sec.gov/Archives/edgar/data/1477336/000119312524049659/d716471d424h.htm
0001193125-24-221798,119312524221798,Ally Auto Assets LLC,1477336,424H,2024-09-19,Ally_Auto_Assets_LLC_2024-09-19_424H.htm,Ally_Auto_Assets_LLC_2024-09-19_424H.txt,110028,https://www.sec.gov/Archives/edgar/data/1477336/000119312524221798/d844229d424h.htm
0001193125-25-226259,119312525226259,Ally Auto Assets LLC,1477336,424H,2025-10-01,Ally_Auto_Assets_LLC_2025-10-01_424H.htm,Ally_Auto_Assets_LLC_2025-10-01_424H.txt,113095,https://www.sec.gov/Archives/edgar/data/1477336/000119312525226259/d93972d424h.htm
0001193125-26-073646,119312526073646,Ally Auto Assets LLC,1477336,424H,2026-02-26,Ally_Auto_Assets_LLC_2026-02-26_424H.htm,Ally_Auto_Assets_LLC_2026-02-26_424H.txt,115984,https://www.sec.gov/Archives/edgar/data/1477336/000119312526073646/d87563d424h.htm
0000929638-24-000341,92963824000341,BMW AUTO LEASING LLC,1126530,424H,2024-02-01,BMW_AUTO_LEASING_LLC_2024-02-01_424H.htm,BMW_AUTO_LEASING_LLC_2024-02-01_424H.txt,126588,https://www.sec.gov/Archives/edgar/data/1126530/000092963824000341/bmw2024-1_424h.htm
0000929638-24-003242,92963824003242,BMW AUTO LEASING LLC,1126530,424H,2024-09-26,BMW_AUTO_LEASING_LLC_2024-09-26_424H.htm,BMW_AUTO_LEASING_LLC_2024-09-26_424H.txt,129387,https://www.sec.gov/Archives/edgar/data/1126530/000092963824003242/bmw2024-2_424h.htm
0000929638-25-002102,92963825002102,BMW AUTO LEASING LLC,1126530,424H,2025-05-29,BMW_AUTO_LEASING_LLC_2025-05-29_424H.htm,BMW_AUTO_LEASING_LLC_2025-05-29_424H.txt,129797,https://www.sec.gov/Archives/edgar/data/1126530/000092963825002102/bmw2025-1_424h.htm
0000929638-25-003725,92963825003725,BMW AUTO LEASING LLC,1126530,424H,2025-10-02,BMW_AUTO_LEASING_LLC_2025-10-02_424H.htm,BMW_AUTO_LEASING_LLC_2025-10-02_424H.txt,131909,https://www.sec.gov/Archives/edgar/data/1126530/000092963825003725/bmw2025-2_424h.htm
0000929638-26-001443,92963826001443,BMW AUTO LEASING LLC,1126530,424H,2026-04-09,BMW_AUTO_LEASING_LLC_2026-04-09_424H.htm,BMW_AUTO_LEASING_LLC_2026-04-09_424H.txt,133493,https://www.sec.gov/Archives/edgar/data/1126530/000092963826001443/bmw2026-1_424h.htm
0001193125-24-093123,119312524093123,Bridgecrest Auto Funding LLC,1974820,424H,2024-04-11,Bridgecrest_Auto_Funding_LLC_2024-04-11_424H.htm,Bridgecrest_Auto_Funding_LLC_2024-04-11_424H.txt,128461,https://www.sec.gov/Archives/edgar/data/1974820/000119312524093123/d819220d424h.htm
0001193125-24-177711,119312524177711,Bridgecrest Auto Funding LLC,1974820,424H,2024-07-11,Bridgecrest_Auto_Funding_LLC_2024-07-11_424H.htm,Bridgecrest_Auto_Funding_LLC_2024-07-11_424H.txt,129911,https://www.sec.gov/Archives/edgar/data/1974820/000119312524177711/d860779d424h.htm
0001193125-24-235983,119312524235983,Bridgecrest Auto Funding LLC,1974820,424H,2024-10-10,Bridgecrest_Auto_Funding_LLC_2024-10-10_424H.htm,Bridgecrest_Auto_Funding_LLC_2024-10-10_424H.txt,137783,https://www.sec.gov/Archives/edgar/data/1974820/000119312524235983/d886873d424h.htm
0001193125-25-007120,119312525007120,Bridgecrest Auto Funding LLC,1974820,424H,2025-01-15,Bridgecrest_Auto_Funding_LLC_2025-01-15_424H.htm,Bridgecrest_Auto_Funding_LLC_2025-01-15_424H.txt,138362,https://www.sec.gov/Archives/edgar/data/1974820/000119312525007120/d916066d424h.htm
0001104659-25-047301,110465925047301,Bridgecrest Auto Funding LLC,1974820,424H,2025-05-12,Bridgecrest_Auto_Funding_LLC_2025-05-12_424H.htm,Bridgecrest_Auto_Funding_LLC_2025-05-12_424H.txt,141928,https://www.sec.gov/Archives/edgar/data/1974820/000110465925047301/tm2513360d1_424h.htm
0001104659-25-068364,110465925068364,Bridgecrest Auto Funding LLC,1974820,424H,2025-07-16,Bridgecrest_Auto_Funding_LLC_2025-07-16_424H.htm,Bridgecrest_Auto_Funding_LLC_2025-07-16_424H.txt,125532,https://www.sec.gov/Archives/edgar/data/1974820/000110465925068364/tm2520926d1_424h.htm
0001104659-25-097977,110465925097977,Bridgecrest Auto Funding LLC,1974820,424H,2025-10-08,Bridgecrest_Auto_Funding_LLC_2025-10-08_424H.htm,Bridgecrest_Auto_Funding_LLC_2025-10-08_424H.txt,149090,https://www.sec.gov/Archives/edgar/data/1974820/000110465925097977/tm2528191d1_424h.htm
0001104659-26-003790,110465926003790,Bridgecrest Auto Funding LLC,1974820,424H,2026-01-14,Bridgecrest_Auto_Funding_LLC_2026-01-14_424H.htm,Bridgecrest_Auto_Funding_LLC_2026-01-14_424H.txt,151706,https://www.sec.gov/Archives/edgar/data/1974820/000110465926003790/tm2533696d1_424h.htm
0001104659-26-042594,110465926042594,Bridgecrest Auto Funding LLC,1974820,424H,2026-04-13,Bridgecrest_Auto_Funding_LLC_2026-04-13_424H.htm,Bridgecrest_Auto_Funding_LLC_2026-04-13_424H.txt,139117,https://www.sec.gov/Archives/edgar/data/1974820/000110465926042594/tm2611397d1_424h.htm
0001104659-26-083911,110465926083911,Bridgecrest Auto Funding LLC,1974820,424H,2026-07-15,Bridgecrest_Auto_Funding_LLC_2026-07-15_424H.htm,Bridgecrest_Auto_Funding_LLC_2026-07-15_424H.txt,139460,https://www.sec.gov/Archives/edgar/data/1974820/000110465926083911/tm2620097d1_424h.htm
0001104659-26-003790,110465926003790,Bridgecrest Lending Auto Securitization Trust 2026-1,2101434,424H,2026-01-14,Bridgecrest_Lending_Auto_Securitization_Trust_2026-1_2026-01-14_424H.htm,Bridgecrest_Lending_Auto_Securitization_Trust_2026-1_2026-01-14_424H.txt,151706,https://www.sec.gov/Archives/edgar/data/2101434/000110465926003790/tm2533696d1_424h.htm
0001193125-25-053056,119312525053056,CARMAX AUTO FUNDING LLC,1259380,424H,2025-03-12,CARMAX_AUTO_FUNDING_LLC_2025-03-12_424H.htm,CARMAX_AUTO_FUNDING_LLC_2025-03-12_424H.txt,178827,https://www.sec.gov/Archives/edgar/data/1259380/000119312525053056/d940032d424h.htm
0001193125-25-087301,119312525087301,CARMAX AUTO FUNDING LLC,1259380,424H,2025-04-21,CARMAX_AUTO_FUNDING_LLC_2025-04-21_424H.htm,CARMAX_AUTO_FUNDING_LLC_2025-04-21_424H.txt,117281,https://www.sec.gov/Archives/edgar/data/1259380/000119312525087301/d935746d424h.htm
0001193125-25-157573,119312525157573,CARMAX AUTO FUNDING LLC,1259380,424H,2025-07-10,CARMAX_AUTO_FUNDING_LLC_2025-07-10_424H.htm,CARMAX_AUTO_FUNDING_LLC_2025-07-10_424H.txt,118287,https://www.sec.gov/Archives/edgar/data/1259380/000119312525157573/d59752d424h.htm
0001193125-25-199252,119312525199252,CARMAX AUTO FUNDING LLC,1259380,424H,2025-09-09,CARMAX_AUTO_FUNDING_LLC_2025-09-09_424H.htm,CARMAX_AUTO_FUNDING_LLC_2025-09-09_424H.txt,173376,https://www.sec.gov/Archives/edgar/data/1259380/000119312525199252/d13359d424h.htm
0001193125-25-234588,119312525234588,CARMAX AUTO FUNDING LLC,1259380,424H,2025-10-08,CARMAX_AUTO_FUNDING_LLC_2025-10-08_424H.htm,CARMAX_AUTO_FUNDING_LLC_2025-10-08_424H.txt,123892,https://www.sec.gov/Archives/edgar/data/1259380/000119312525234588/d36849d424h.htm
0001193125-26-013037,119312526013037,CARMAX AUTO FUNDING LLC,1259380,424H,2026-01-14,CARMAX_AUTO_FUNDING_LLC_2026-01-14_424H.htm,CARMAX_AUTO_FUNDING_LLC_2026-01-14_424H.txt,124945,https://www.sec.gov/Archives/edgar/data/1259380/000119312526013037/d34749d424h.htm
0001193125-26-046816,119312526046816,CARMAX AUTO FUNDING LLC,1259380,424H,2026-02-11,CARMAX_AUTO_FUNDING_LLC_2026-02-11_424H.htm,CARMAX_AUTO_FUNDING_LLC_2026-02-11_424H.txt,178447,https://www.sec.gov/Archives/edgar/data/1259380/000119312526046816/d17727d424h.htm
0001193125-26-156818,119312526156818,CARMAX AUTO FUNDING LLC,1259380,424H,2026-04-15,CARMAX_AUTO_FUNDING_LLC_2026-04-15_424H.htm,CARMAX_AUTO_FUNDING_LLC_2026-04-15_424H.txt,132562,https://www.sec.gov/Archives/edgar/data/1259380/000119312526156818/d36020d424h.htm
0001193125-26-257311,119312526257311,CARMAX AUTO FUNDING LLC,1259380,424H,2026-06-04,CARMAX_AUTO_FUNDING_LLC_2026-06-04_424H.htm,CARMAX_AUTO_FUNDING_LLC_2026-06-04_424H.txt,160481,https://www.sec.gov/Archives/edgar/data/1259380/000119312526257311/d125463d424h.htm
0001193125-26-298297,119312526298297,CARMAX AUTO FUNDING LLC,1259380,424H,2026-07-08,CARMAX_AUTO_FUNDING_LLC_2026-07-08_424H.htm,CARMAX_AUTO_FUNDING_LLC_2026-07-08_424H.txt,132187,https://www.sec.gov/Archives/edgar/data/1259380/000119312526298297/d134574d424h.htm
0001104659-24-032931,110465924032931,FORD CREDIT AUTO RECEIVABLES TWO LLC,1129987,424H,2024-03-11,FORD_CREDIT_AUTO_RECEIVABLES_TWO_LLC_2024-03-11_424H.htm,FORD_CREDIT_AUTO_RECEIVABLES_TWO_LLC_2024-03-11_424H.txt,103152,https://www.sec.gov/Archives/edgar/data/1129987/000110465924032931/tm248203d1_424h.htm
0001104659-24-071318,110465924071318,FORD CREDIT AUTO RECEIVABLES TWO LLC,1129987,424H,2024-06-13,FORD_CREDIT_AUTO_RECEIVABLES_TWO_LLC_2024-06-13_424H.htm,FORD_CREDIT_AUTO_RECEIVABLES_TWO_LLC_2024-06-13_424H.txt,104315,https://www.sec.gov/Archives/edgar/data/1129987/000110465924071318/tm2416802d1_424h.htm
0001104659-24-099238,110465924099238,FORD CREDIT AUTO RECEIVABLES TWO LLC,1129987,424H,2024-09-12,FORD_CREDIT_AUTO_RECEIVABLES_TWO_LLC_2024-09-12_424H.htm,FORD_CREDIT_AUTO_RECEIVABLES_TWO_LLC_2024-09-12_424H.txt,107161,https://www.sec.gov/Archives/edgar/data/1129987/000110465924099238/tm2423586d1_424h.htm
0001104659-24-118694,110465924118694,FORD CREDIT AUTO RECEIVABLES TWO LLC,1129987,424H,2024-11-14,FORD_CREDIT_AUTO_RECEIVABLES_TWO_LLC_2024-11-14_424H.htm,FORD_CREDIT_AUTO_RECEIVABLES_TWO_LLC_2024-11-14_424H.txt,107718,https://www.sec.gov/Archives/edgar/data/1129987/000110465924118694/tm2428010d1_424h.htm
0001104659-25-023376,110465925023376,FORD CREDIT AUTO RECEIVABLES TWO LLC,1129987,424H,2025-03-13,FORD_CREDIT_AUTO_RECEIVABLES_TWO_LLC_2025-03-13_424H.htm,FORD_CREDIT_AUTO_RECEIVABLES_TWO_LLC_2025-03-13_424H.txt,105279,https://www.sec.gov/Archives/edgar/data/1129987/000110465925023376/tm258634d1_424h.htm
0001104659-25-091315,110465925091315,FORD CREDIT AUTO RECEIVABLES TWO LLC,1129987,424H,2025-09-18,FORD_CREDIT_AUTO_RECEIVABLES_TWO_LLC_2025-09-18_424H.htm,FORD_CREDIT_AUTO_RECEIVABLES_TWO_LLC_2025-09-18_424H.txt,107935,https://www.sec.gov/Archives/edgar/data/1129987/000110465925091315/tm2526028d3_424h.htm
0001104659-25-111290,110465925111290,FORD CREDIT AUTO RECEIVABLES TWO LLC,1129987,424H,2025-11-13,FORD_CREDIT_AUTO_RECEIVABLES_TWO_LLC_2025-11-13_424H.htm,FORD_CREDIT_AUTO_RECEIVABLES_TWO_LLC_2025-11-13_424H.txt,98276,https://www.sec.gov/Archives/edgar/data/1129987/000110465925111290/tm2530629d1_424h.htm
0001104659-26-027021,110465926027021,FORD CREDIT AUTO RECEIVABLES TWO LLC,1129987,424H,2026-03-12,FORD_CREDIT_AUTO_RECEIVABLES_TWO_LLC_2026-03-12_424H.htm,FORD_CREDIT_AUTO_RECEIVABLES_TWO_LLC_2026-03-12_424H.txt,106525,https://www.sec.gov/Archives/edgar/data/1129987/000110465926027021/tm268276d1_424h.htm
0001104659-26-072992,110465926072992,FORD CREDIT AUTO RECEIVABLES TWO LLC,1129987,424H,2026-06-11,FORD_CREDIT_AUTO_RECEIVABLES_TWO_LLC_2026-06-11_424H.htm,FORD_CREDIT_AUTO_RECEIVABLES_TWO_LLC_2026-06-11_424H.txt,107296,https://www.sec.gov/Archives/edgar/data/1129987/000110465926072992/tm2617048d1_424h.htm
0001104659-24-058485,110465924058485,HARLEY-DAVIDSON CUSTOMER FUNDING CORP.,1114926,424H,2024-05-08,HARLEY-DAVIDSON_CUSTOMER_FUNDING_CORP__2024-05-08_424H.htm,HARLEY-DAVIDSON_CUSTOMER_FUNDING_CORP__2024-05-08_424H.txt,128312,https://www.sec.gov/Archives/edgar/data/1114926/000110465924058485/tm2413280-1_424h.htm
0001104659-24-098758,110465924098758,HARLEY-DAVIDSON CUSTOMER FUNDING CORP.,1114926,424H,2024-09-11,HARLEY-DAVIDSON_CUSTOMER_FUNDING_CORP__2024-09-11_424H.htm,HARLEY-DAVIDSON_CUSTOMER_FUNDING_CORP__2024-09-11_424H.txt,131403,https://www.sec.gov/Archives/edgar/data/1114926/000110465924098758/tm2422152-1_424h.htm
0001104659-25-048574,110465925048574,HARLEY-DAVIDSON CUSTOMER FUNDING CORP.,1114926,424H,2025-05-14,HARLEY-DAVIDSON_CUSTOMER_FUNDING_CORP__2025-05-14_424H.htm,HARLEY-DAVIDSON_CUSTOMER_FUNDING_CORP__2025-05-14_424H.txt,144782,https://www.sec.gov/Archives/edgar/data/1114926/000110465925048574/tm2513840-1_424h.htm
0001104659-24-031300,110465924031300,HYUNDAI ABS FUNDING LLC,1260125,424H,2024-03-06,HYUNDAI_ABS_FUNDING_LLC_2024-03-06_424H.htm,HYUNDAI_ABS_FUNDING_LLC_2024-03-06_424H.txt,165016,https://www.sec.gov/Archives/edgar/data/1260125/000110465924031300/tm247619d7_424h.htm
0001104659-24-079114,110465924079114,HYUNDAI ABS FUNDING LLC,1260125,424H,2024-07-11,HYUNDAI_ABS_FUNDING_LLC_2024-07-11_424H.htm,HYUNDAI_ABS_FUNDING_LLC_2024-07-11_424H.txt,166260,https://www.sec.gov/Archives/edgar/data/1260125/000110465924079114/tm2419061d4_424h.htm
0001104659-24-105235,110465924105235,HYUNDAI ABS FUNDING LLC,1260125,424H,2024-10-02,HYUNDAI_ABS_FUNDING_LLC_2024-10-02_424H.htm,HYUNDAI_ABS_FUNDING_LLC_2024-10-02_424H.txt,172263,https://www.sec.gov/Archives/edgar/data/1260125/000110465924105235/tm2424889d6_424h.htm
0001104659-25-017888,110465925017888,HYUNDAI ABS FUNDING LLC,1260125,424H,2025-02-27,HYUNDAI_ABS_FUNDING_LLC_2025-02-27_424H.htm,HYUNDAI_ABS_FUNDING_LLC_2025-02-27_424H.txt,181393,https://www.sec.gov/Archives/edgar/data/1260125/000110465925017888/tm257118d6_424h.htm
0001104659-25-053535,110465925053535,HYUNDAI ABS FUNDING LLC,1260125,424H,2025-05-28,HYUNDAI_ABS_FUNDING_LLC_2025-05-28_424H.htm,HYUNDAI_ABS_FUNDING_LLC_2025-05-28_424H.txt,186189,https://www.sec.gov/Archives/edgar/data/1260125/000110465925053535/tm2515899d3_424h.htm
0001104659-25-087324,110465925087324,HYUNDAI ABS FUNDING LLC,1260125,424H,2025-09-04,HYUNDAI_ABS_FUNDING_LLC_2025-09-04_424H.htm,HYUNDAI_ABS_FUNDING_LLC_2025-09-04_424H.txt,189188,https://www.sec.gov/Archives/edgar/data/1260125/000110465925087324/tm2524658d1_424h.htm
0001104659-25-103609,110465925103609,HYUNDAI ABS FUNDING LLC,1260125,424H,2025-10-29,HYUNDAI_ABS_FUNDING_LLC_2025-10-29_424H.htm,HYUNDAI_ABS_FUNDING_LLC_2025-10-29_424H.txt,193186,https://www.sec.gov/Archives/edgar/data/1260125/000110465925103609/tm2529217d3_424h.htm
0001104659-26-010086,110465926010086,HYUNDAI ABS FUNDING LLC,1260125,424H,2026-02-04,HYUNDAI_ABS_FUNDING_LLC_2026-02-04_424H.htm,HYUNDAI_ABS_FUNDING_LLC_2026-02-04_424H.txt,197909,https://www.sec.gov/Archives/edgar/data/1260125/000110465926010086/tm264376d6_424h.htm
0001104659-26-070392,110465926070392,HYUNDAI ABS FUNDING LLC,1260125,424H,2026-06-04,HYUNDAI_ABS_FUNDING_LLC_2026-06-04_424H.htm,HYUNDAI_ABS_FUNDING_LLC_2026-06-04_424H.txt,187510,https://www.sec.gov/Archives/edgar/data/1260125/000110465926070392/tm2615711d5_424h.htm
0001193125-24-195900,119312524195900,SANTANDER DRIVE AUTO RECEIVABLES LLC,1383094,424H,2024-08-07,SANTANDER_DRIVE_AUTO_RECEIVABLES_LLC_2024-08-07_424H.htm,SANTANDER_DRIVE_AUTO_RECEIVABLES_LLC_2024-08-07_424H.txt,173256,https://www.sec.gov/Archives/edgar/data/1383094/000119312524195900/d781831d424h.htm
0001193125-24-217251,119312524217251,SANTANDER DRIVE AUTO RECEIVABLES LLC,1383094,424H,2024-09-11,SANTANDER_DRIVE_AUTO_RECEIVABLES_LLC_2024-09-11_424H.htm,SANTANDER_DRIVE_AUTO_RECEIVABLES_LLC_2024-09-11_424H.txt,125497,https://www.sec.gov/Archives/edgar/data/1383094/000119312524217251/d854647d424h.htm
0001193125-24-235914,119312524235914,SANTANDER DRIVE AUTO RECEIVABLES LLC,1383094,424H,2024-10-10,SANTANDER_DRIVE_AUTO_RECEIVABLES_LLC_2024-10-10_424H.htm,SANTANDER_DRIVE_AUTO_RECEIVABLES_LLC_2024-10-10_424H.txt,140120,https://www.sec.gov/Archives/edgar/data/1383094/000119312524235914/d882670d424h.htm
0001193125-25-004311,119312525004311,SANTANDER DRIVE AUTO RECEIVABLES LLC,1383094,424H,2025-01-10,SANTANDER_DRIVE_AUTO_RECEIVABLES_LLC_2025-01-10_424H.htm,SANTANDER_DRIVE_AUTO_RECEIVABLES_LLC_2025-01-10_424H.txt,177555,https://www.sec.gov/Archives/edgar/data/1383094/000119312525004311/d833872d424h.htm
0001193125-25-052978,119312525052978,SANTANDER DRIVE AUTO RECEIVABLES LLC,1383094,424H,2025-03-12,SANTANDER_DRIVE_AUTO_RECEIVABLES_LLC_2025-03-12_424H.htm,SANTANDER_DRIVE_AUTO_RECEIVABLES_LLC_2025-03-12_424H.txt,152329,https://www.sec.gov/Archives/edgar/data/1383094/000119312525052978/d904180d424h.htm
0001193125-25-119930,119312525119930,SANTANDER DRIVE AUTO RECEIVABLES LLC,1383094,424H,2025-05-14,SANTANDER_DRIVE_AUTO_RECEIVABLES_LLC_2025-05-14_424H.htm,SANTANDER_DRIVE_AUTO_RECEIVABLES_LLC_2025-05-14_424H.txt,113082,https://www.sec.gov/Archives/edgar/data/1383094/000119312525119930/d862889d424h.htm
0001193125-25-160513,119312525160513,SANTANDER DRIVE AUTO RECEIVABLES LLC,1383094,424H,2025-07-17,SANTANDER_DRIVE_AUTO_RECEIVABLES_LLC_2025-07-17_424H.htm,SANTANDER_DRIVE_AUTO_RECEIVABLES_LLC_2025-07-17_424H.txt,157924,https://www.sec.gov/Archives/edgar/data/1383094/000119312525160513/d40585d424h.htm
0001193125-25-200143,119312525200143,SANTANDER DRIVE AUTO RECEIVABLES LLC,1383094,424H,2025-09-10,SANTANDER_DRIVE_AUTO_RECEIVABLES_LLC_2025-09-10_424H.htm,SANTANDER_DRIVE_AUTO_RECEIVABLES_LLC_2025-09-10_424H.txt,126117,https://www.sec.gov/Archives/edgar/data/1383094/000119312525200143/d72018d424h.htm
0001193125-25-269645,119312525269645,SANTANDER DRIVE AUTO RECEIVABLES LLC,1383094,424H,2025-11-06,SANTANDER_DRIVE_AUTO_RECEIVABLES_LLC_2025-11-06_424H.htm,SANTANDER_DRIVE_AUTO_RECEIVABLES_LLC_2025-11-06_424H.txt,149207,https://www.sec.gov/Archives/edgar/data/1383094/000119312525269645/d86784d424h.htm
0001193125-26-046579,119312526046579,SANTANDER DRIVE AUTO RECEIVABLES LLC,1383094,424H,2026-02-11,SANTANDER_DRIVE_AUTO_RECEIVABLES_LLC_2026-02-11_424H.htm,SANTANDER_DRIVE_AUTO_RECEIVABLES_LLC_2026-02-11_424H.txt,161107,https://www.sec.gov/Archives/edgar/data/1383094/000119312526046579/d33515d424h.htm
0000929638-24-001523,92963824001523,TOYOTA AUTO FINANCE RECEIVABLES LLC,1131131,424H,2024-04-18,TOYOTA_AUTO_FINANCE_RECEIVABLES_LLC_2024-04-18_424H.htm,TOYOTA_AUTO_FINANCE_RECEIVABLES_LLC_2024-04-18_424H.txt,139041,https://www.sec.gov/Archives/edgar/data/1131131/000092963824001523/taot2024b-424h.htm
0000929638-24-002506,92963824002506,TOYOTA AUTO FINANCE RECEIVABLES LLC,1131131,424H,2024-07-17,TOYOTA_AUTO_FINANCE_RECEIVABLES_LLC_2024-07-17_424H.htm,TOYOTA_AUTO_FINANCE_RECEIVABLES_LLC_2024-07-17_424H.txt,138978,https://www.sec.gov/Archives/edgar/data/1131131/000092963824002506/taot2024c-424h.htm
0000929638-24-003452,92963824003452,TOYOTA AUTO FINANCE RECEIVABLES LLC,1131131,424H,2024-10-07,TOYOTA_AUTO_FINANCE_RECEIVABLES_LLC_2024-10-07_424H.htm,TOYOTA_AUTO_FINANCE_RECEIVABLES_LLC_2024-10-07_424H.txt,140113,https://www.sec.gov/Archives/edgar/data/1131131/000092963824003452/taot2024d-424h.htm
0000929638-25-000154,92963825000154,TOYOTA AUTO FINANCE RECEIVABLES LLC,1131131,424H,2025-01-15,TOYOTA_AUTO_FINANCE_RECEIVABLES_LLC_2025-01-15_424H.htm,TOYOTA_AUTO_FINANCE_RECEIVABLES_LLC_2025-01-15_424H.txt,137674,https://www.sec.gov/Archives/edgar/data/1131131/000092963825000154/taot2025a-424h.htm
0000929638-25-001593,92963825001593,TOYOTA AUTO FINANCE RECEIVABLES LLC,1131131,424H,2025-04-21,TOYOTA_AUTO_FINANCE_RECEIVABLES_LLC_2025-04-21_424H.htm,TOYOTA_AUTO_FINANCE_RECEIVABLES_LLC_2025-04-21_424H.txt,149118,https://www.sec.gov/Archives/edgar/data/1131131/000092963825001593/taot2025b-424h.htm
0000929638-25-002607,92963825002607,TOYOTA AUTO FINANCE RECEIVABLES LLC,1131131,424H,2025-07-16,TOYOTA_AUTO_FINANCE_RECEIVABLES_LLC_2025-07-16_424H.htm,TOYOTA_AUTO_FINANCE_RECEIVABLES_LLC_2025-07-16_424H.txt,148511,https://www.sec.gov/Archives/edgar/data/1131131/000092963825002607/taot2025c-424h.htm
0000929638-25-003854,92963825003854,TOYOTA AUTO FINANCE RECEIVABLES LLC,1131131,424H,2025-10-08,TOYOTA_AUTO_FINANCE_RECEIVABLES_LLC_2025-10-08_424H.htm,TOYOTA_AUTO_FINANCE_RECEIVABLES_LLC_2025-10-08_424H.txt,150372,https://www.sec.gov/Archives/edgar/data/1131131/000092963825003854/taot2025d-424h.htm
0000929638-26-000041,92963826000041,TOYOTA AUTO FINANCE RECEIVABLES LLC,1131131,424H,2026-01-07,TOYOTA_AUTO_FINANCE_RECEIVABLES_LLC_2026-01-07_424H.htm,TOYOTA_AUTO_FINANCE_RECEIVABLES_LLC_2026-01-07_424H.txt,145962,https://www.sec.gov/Archives/edgar/data/1131131/000092963826000041/taot2026-a_424h.htm
0000929638-26-001430,92963826001430,TOYOTA AUTO FINANCE RECEIVABLES LLC,1131131,424H,2026-04-08,TOYOTA_AUTO_FINANCE_RECEIVABLES_LLC_2026-04-08_424H.htm,TOYOTA_AUTO_FINANCE_RECEIVABLES_LLC_2026-04-08_424H.txt,147583,https://www.sec.gov/Archives/edgar/data/1131131/000092963826001430/taot2026-b_424h.htm
0000929638-26-002565,92963826002565,TOYOTA AUTO FINANCE RECEIVABLES LLC,1131131,424H,2026-07-08,TOYOTA_AUTO_FINANCE_RECEIVABLES_LLC_2026-07-08_424H.htm,TOYOTA_AUTO_FINANCE_RECEIVABLES_LLC_2026-07-08_424H.txt,149257,https://www.sec.gov/Archives/edgar/data/1131131/000092963826002565/taot2026-c_424h.htm
"htm_filename
Verizon_ABS_II_LLC_2025-07-22_424H.htm    0000929638-25-002656
Verizon_ABS_II_LLC_2025-07-22_424H.htm    0000929638-25-002655
Name: accession, dtype: str","htm_filename
Verizon_ABS_II_LLC_2025-07-22_424H.htm    92963825002656
Verizon_ABS_II_LLC_2025-07-22_424H.htm    92963825002655
Name: accession_clean, dtype: int64","htm_filename
Verizon_ABS_II_LLC_2025-07-22_424H.htm    Verizon ABS II LLC
Verizon_ABS_II_LLC_2025-07-22_424H.htm    Verizon ABS II LLC
Name: entity_name, dtype: str","htm_filename
Verizon_ABS_II_LLC_2025-07-22_424H.htm    1836995
Verizon_ABS_II_LLC_2025-07-22_424H.htm    1836995
Name: cik, dtype: int64","htm_filename
Verizon_ABS_II_LLC_2025-07-22_424H.htm    424H
Verizon_ABS_II_LLC_2025-07-22_424H.htm    424H
Name: form, dtype: str","htm_filename
Verizon_ABS_II_LLC_2025-07-22_424H.htm    2025-07-22
Verizon_ABS_II_LLC_2025-07-22_424H.htm    2025-07-22
Name: filing_date, dtype: str",Verizon_ABS_II_LLC_2025-07-22_424H.htm,Verizon_ABS_II_LLC_2025-07-22_424H.txt,135585,"htm_filename
Verizon_ABS_II_LLC_2025-07-22_424H.htm    https://www.sec.gov/Archives/edgar/data/183699...
Verizon_ABS_II_LLC_2025-07-22_424H.htm    https://www.sec.gov/Archives/edgar/data/183699...
Name: doc_url, dtype: str"
"htm_filename
Verizon_ABS_II_LLC_2025-08-04_424H.htm    0000929638-25-002868
Verizon_ABS_II_LLC_2025-08-04_424H.htm    0000929638-25-002866
Verizon_ABS_II_LLC_2025-08-04_424H.htm    0000929638-25-002864
Verizon_ABS_II_LLC_2025-08-04_424H.htm    0000929638-25-002862
Name: accession, dtype: str","htm_filename
Verizon_ABS_II_LLC_2025-08-04_424H.htm    92963825002868
Verizon_ABS_II_LLC_2025-08-04_424H.htm    92963825002866
Verizon_ABS_II_LLC_2025-08-04_424H.htm    92963825002864
Verizon_ABS_II_LLC_2025-08-04_424H.htm    92963825002862
Name: accession_clean, dtype: int64","htm_filename
Verizon_ABS_II_LLC_2025-08-04_424H.htm    Verizon ABS II LLC
Verizon_ABS_II_LLC_2025-08-04_424H.htm    Verizon ABS II LLC
Verizon_ABS_II_LLC_2025-08-04_424H.htm    Verizon ABS II LLC
Verizon_ABS_II_LLC_2025-08-04_424H.htm    Verizon ABS II LLC
Name: entity_name, dtype: str","htm_filename
Verizon_ABS_II_LLC_2025-08-04_424H.htm    1836995
Verizon_ABS_II_LLC_2025-08-04_424H.htm    1836995
Verizon_ABS_II_LLC_2025-08-04_424H.htm    1836995
Verizon_ABS_II_LLC_2025-08-04_424H.htm    1836995
Name: cik, dtype: int64","htm_filename
Verizon_ABS_II_LLC_2025-08-04_424H.htm    424H
Verizon_ABS_II_LLC_2025-08-04_424H.htm    424H
Verizon_ABS_II_LLC_2025-08-04_424H.htm    424H
Verizon_ABS_II_LLC_2025-08-04_424H.htm    424H
Name: form, dtype: str","htm_filename
Verizon_ABS_II_LLC_2025-08-04_424H.htm    2025-08-04
Verizon_ABS_II_LLC_2025-08-04_424H.htm    2025-08-04
Verizon_ABS_II_LLC_2025-08-04_424H.htm    2025-08-04
Verizon_ABS_II_LLC_2025-08-04_424H.htm    2025-08-04
Name: filing_date, dtype: str",Verizon_ABS_II_LLC_2025-08-04_424H.htm,Verizon_ABS_II_LLC_2025-08-04_424H.txt,135972,"htm_filename
Verizon_ABS_II_LLC_2025-08-04_424H.htm    https://www.sec.gov/Archives/edgar/data/183699...
Verizon_ABS_II_LLC_2025-08-04_424H.htm    https://www.sec.gov/Archives/edgar/data/183699...
Verizon_ABS_II_LLC_2025-08-04_424H.htm    https://www.sec.gov/Archives/edgar/data/183699...
Verizon_ABS_II_LLC_2025-08-04_424H.htm    https://www.sec.gov/Archives/edgar/data/183699...
Name: doc_url, dtype: str"
0000929638-25-003345,92963825003345,Verizon ABS II LLC,1836995,424H,2025-09-03,Verizon_ABS_II_LLC_2025-09-03_424H.htm,Verizon_ABS_II_LLC_2025-09-03_424H.txt,138158,https://www.sec.gov/Archives/edgar/data/1836995/000092963825003345/a424h.htm
0000929638-25-004237,92963825004237,Verizon ABS II LLC,1836995,424H,2025-11-13,Verizon_ABS_II_LLC_2025-11-13_424H.htm,Verizon_ABS_II_LLC_2025-11-13_424H.txt,138664,https://www.sec.gov/Archives/edgar/data/1836995/000092963825004237/a424h.htm
0000929638-26-000770,92963826000770,Verizon ABS II LLC,1836995,424H,2026-03-02,Verizon_ABS_II_LLC_2026-03-02_424H.htm,Verizon_ABS_II_LLC_2026-03-02_424H.txt,137530,https://www.sec.gov/Archives/edgar/data/1836995/000092963826000770/a424h.htm
0000929638-26-002288,92963826002288,Verizon ABS II LLC,1836995,424H,2026-06-22,Verizon_ABS_II_LLC_2026-06-22_424H.htm,Verizon_ABS_II_LLC_2026-06-22_424H.txt,138491,https://www.sec.gov/Archives/edgar/data/1836995/000092963826002288/a424h.htm
0001539497-25-002386,153949725002386,WELLS FARGO COMMERCIAL MORTGAGE SECURITIES INC,850779,424H,2025-09-17,WELLS_FARGO_COMMERCIAL_MORTGAGE_SECURITIES_INC_2025-09-17_424H.htm,WELLS_FARGO_COMMERCIAL_MORTGAGE_SECURITIES_INC_2025-09-17_424H.txt,515875,https://www.sec.gov/Archives/edgar/data/850779/000153949725002386/n5285_x6-424h.htm
0001539497-25-002565,153949725002565,WELLS FARGO COMMERCIAL MORTGAGE SECURITIES INC,850779,424H,2025-09-30,WELLS_FARGO_COMMERCIAL_MORTGAGE_SECURITIES_INC_2025-09-30_424H.htm,WELLS_FARGO_COMMERCIAL_MORTGAGE_SECURITIES_INC_2025-09-30_424H.txt,530096,https://www.sec.gov/Archives/edgar/data/850779/000153949725002565/n5316_x8-424h.htm
0001539497-25-002946,153949725002946,WELLS FARGO COMMERCIAL MORTGAGE SECURITIES INC,850779,424H,2025-11-13,WELLS_FARGO_COMMERCIAL_MORTGAGE_SECURITIES_INC_2025-11-13_424H.htm,WELLS_FARGO_COMMERCIAL_MORTGAGE_SECURITIES_INC_2025-11-13_424H.txt,492243,https://www.sec.gov/Archives/edgar/data/850779/000153949725002946/n5416_x4-424h.htm
0001539497-25-003085,153949725003085,WELLS FARGO COMMERCIAL MORTGAGE SECURITIES INC,850779,424H,2025-12-01,WELLS_FARGO_COMMERCIAL_MORTGAGE_SECURITIES_INC_2025-12-01_424H.htm,WELLS_FARGO_COMMERCIAL_MORTGAGE_SECURITIES_INC_2025-12-01_424H.txt,658700,https://www.sec.gov/Archives/edgar/data/850779/000153949725003085/n5438_x7-424h.htm
0001539497-25-003202,153949725003202,WELLS FARGO COMMERCIAL MORTGAGE SECURITIES INC,850779,424H,2025-12-08,WELLS_FARGO_COMMERCIAL_MORTGAGE_SECURITIES_INC_2025-12-08_424H.htm,WELLS_FARGO_COMMERCIAL_MORTGAGE_SECURITIES_INC_2025-12-08_424H.txt,570307,https://www.sec.gov/Archives/edgar/data/850779/000153949725003202/n5486_x7-424h.htm
0001539497-26-000350,153949726000350,WELLS FARGO COMMERCIAL MORTGAGE SECURITIES INC,850779,424H,2026-02-11,WELLS_FARGO_COMMERCIAL_MORTGAGE_SECURITIES_INC_2026-02-11_424H.htm,WELLS_FARGO_COMMERCIAL_MORTGAGE_SECURITIES_INC_2026-02-11_424H.txt,491029,https://www.sec.gov/Archives/edgar/data/850779/000153949726000350/n5644_x6-424h.htm
0001539497-26-000989,153949726000989,WELLS FARGO COMMERCIAL MORTGAGE SECURITIES INC,850779,424H,2026-03-23,WELLS_FARGO_COMMERCIAL_MORTGAGE_SECURITIES_INC_2026-03-23_424H.htm,WELLS_FARGO_COMMERCIAL_MORTGAGE_SECURITIES_INC_2026-03-23_424H.txt,517619,https://www.sec.gov/Archives/edgar/data/850779/000153949726000989/n5754_x7-424h.htm
0001539497-26-001332,153949726001332,WELLS FARGO COMMERCIAL MORTGAGE SECURITIES INC,850779,424H,2026-05-05,WELLS_FARGO_COMMERCIAL_MORTGAGE_SECURITIES_INC_2026-05-05_424H.htm,WELLS_FARGO_COMMERCIAL_MORTGAGE_SECURITIES_INC_2026-05-05_424H.txt,415727,https://www.sec.gov/Archives/edgar/data/850779/000153949726001332/n5864_x7-424h.htm
0001539497-26-001479,153949726001479,WELLS FARGO COMMERCIAL MORTGAGE SECURITIES INC,850779,424H,2026-05-15,WELLS_FARGO_COMMERCIAL_MORTGAGE_SECURITIES_INC_2026-05-15_424H.htm,WELLS_FARGO_COMMERCIAL_MORTGAGE_SECURITIES_INC_2026-05-15_424H.txt,570566,https://www.sec.gov/Archives/edgar/data/850779/000153949726001479/n5888_x6-424h.htm
0001539497-26-001721,153949726001721,WELLS FARGO COMMERCIAL MORTGAGE SECURITIES INC,850779,424H,2026-06-10,WELLS_FARGO_COMMERCIAL_MORTGAGE_SECURITIES_INC_2026-06-10_424H.htm,WELLS_FARGO_COMMERCIAL_MORTGAGE_SECURITIES_INC_2026-06-10_424H.txt,502644,https://www.sec.gov/Archives/edgar/data/850779/000153949726001721/n5926_x7-424h.htm
0001104659-24-086592,110465924086592,WORLD OMNI AUTO RECEIVABLES LLC,1083199,424H,2024-08-07,WORLD_OMNI_AUTO_RECEIVABLES_LLC_2024-08-07_424H.htm,WORLD_OMNI_AUTO_RECEIVABLES_LLC_2024-08-07_424H.txt,134485,https://www.sec.gov/Archives/edgar/data/1083199/000110465924086592/tm2420727d4_424h.htm
0001104659-25-003209,110465925003209,WORLD OMNI AUTO RECEIVABLES LLC,1083199,424H,2025-01-14,WORLD_OMNI_AUTO_RECEIVABLES_LLC_2025-01-14_424H.htm,WORLD_OMNI_AUTO_RECEIVABLES_LLC_2025-01-14_424H.txt,133988,https://www.sec.gov/Archives/edgar/data/1083199/000110465925003209/tm252785d5_424h.htm
0001104659-25-043167,110465925043167,WORLD OMNI AUTO RECEIVABLES LLC,1083199,424H,2025-05-01,WORLD_OMNI_AUTO_RECEIVABLES_LLC_2025-05-01_424H.htm,WORLD_OMNI_AUTO_RECEIVABLES_LLC_2025-05-01_424H.txt,134732,https://www.sec.gov/Archives/edgar/data/1083199/000110465925043167/tm2513003d5_424h.htm
0001104659-25-071006,110465925071006,WORLD OMNI AUTO RECEIVABLES LLC,1083199,424H,2025-07-28,WORLD_OMNI_AUTO_RECEIVABLES_LLC_2025-07-28_424H.htm,WORLD_OMNI_AUTO_RECEIVABLES_LLC_2025-07-28_424H.txt,138239,https://www.sec.gov/Archives/edgar/data/1083199/000110465925071006/tm2521584d5_424h.htm
0001104659-25-088821,110465925088821,WORLD OMNI AUTO RECEIVABLES LLC,1083199,424H,2025-09-10,WORLD_OMNI_AUTO_RECEIVABLES_LLC_2025-09-10_424H.htm,WORLD_OMNI_AUTO_RECEIVABLES_LLC_2025-09-10_424H.txt,113527,https://www.sec.gov/Archives/edgar/data/1083199/000110465925088821/tm2525438d2_424h.htm
0001104659-25-095481,110465925095481,WORLD OMNI AUTO RECEIVABLES LLC,1083199,424H,2025-10-01,WORLD_OMNI_AUTO_RECEIVABLES_LLC_2025-10-01_424H.htm,WORLD_OMNI_AUTO_RECEIVABLES_LLC_2025-10-01_424H.txt,126722,https://www.sec.gov/Archives/edgar/data/1083199/000110465925095481/tm2527075d4_424h.htm
0001104659-26-009030,110465926009030,WORLD OMNI AUTO RECEIVABLES LLC,1083199,424H,2026-02-02,WORLD_OMNI_AUTO_RECEIVABLES_LLC_2026-02-02_424H.htm,WORLD_OMNI_AUTO_RECEIVABLES_LLC_2026-02-02_424H.txt,136208,https://www.sec.gov/Archives/edgar/data/1083199/000110465926009030/tm264483d4_424h.htm
0001104659-26-051743,110465926051743,WORLD OMNI AUTO RECEIVABLES LLC,1083199,424H,2026-04-29,WORLD_OMNI_AUTO_RECEIVABLES_LLC_2026-04-29_424H.htm,WORLD_OMNI_AUTO_RECEIVABLES_LLC_2026-04-29_424H.txt,137021,https://www.sec.gov/Archives/edgar/data/1083199/000110465926051743/tm2612646d4_424h.htm
0001104659-26-082940,110465926082940,WORLD OMNI AUTO RECEIVABLES LLC,1083199,424H,2026-07-13,WORLD_OMNI_AUTO_RECEIVABLES_LLC_2026-07-13_424H.htm,WORLD_OMNI_AUTO_RECEIVABLES_LLC_2026-07-13_424H.txt,113242,https://www.sec.gov/Archives/edgar/data/1083199/000110465926082940/tm2620052d5_424h.htm
0001104659-26-094945,110465926094945,WORLD OMNI AUTO RECEIVABLES LLC,1083199,424H,2026-08-12,WORLD_OMNI_AUTO_RECEIVABLES_LLC_2026-08-12_424H.htm,WORLD_OMNI_AUTO_RECEIVABLES_LLC_2026-08-12_424H.txt,126429,https://www.sec.gov/Archives/edgar/data/1083199/000110465926094945/tm2622477d4_424h.htm
