source_file,text_file,word_count
AFS_SENSUB_CORP__2024-05-15_424H.htm,AFS_SENSUB_CORP__2024-05-15_424H.txt,95876
AFS_SENSUB_CORP__2024-06-26_424H.htm,AFS_SENSUB_CORP__2024-06-26_424H.txt,102449
AFS_SENSUB_CORP__2024-10-02_424H.htm,AFS_SENSUB_CORP__2024-10-02_424H.txt,102780
AFS_SENSUB_CORP__2025-01-06_424H.htm,AFS_SENSUB_CORP__2025-01-06_424H.txt,101333
AFS_SENSUB_CORP__2025-05-01_424H.htm,AFS_SENSUB_CORP__2025-05-01_424H.txt,110934
AFS_SENSUB_CORP__2025-07-03_424H.htm,AFS_SENSUB_CORP__2025-07-03_424H.txt,105416
AFS_SENSUB_CORP__2025-10-23_424H.htm,AFS_SENSUB_CORP__2025-10-23_424H.txt,94093
AFS_SENSUB_CORP__2026-01-05_424H.htm,AFS_SENSUB_CORP__2026-01-05_424H.txt,100727
AFS_SENSUB_CORP__2026-04-03_424H.htm,AFS_SENSUB_CORP__2026-04-03_424H.txt,91967
AFS_SENSUB_CORP__2026-07-02_424H.htm,AFS_SENSUB_CORP__2026-07-02_424H.txt,92754
AMERICAN_EXPRESS_CREDIT_ACCOUNT_MASTER_TRUST_2024-04-11_424H.htm,AMERICAN_EXPRESS_CREDIT_ACCOUNT_MASTER_TRUST_2024-04-11_424H.txt,101300
AMERICAN_EXPRESS_CREDIT_ACCOUNT_MASTER_TRUST_2024-07-11_424H.htm,AMERICAN_EXPRESS_CREDIT_ACCOUNT_MASTER_TRUST_2024-07-11_424H.txt,101077
AMERICAN_EXPRESS_CREDIT_ACCOUNT_MASTER_TRUST_2025-01-30_424H.htm,AMERICAN_EXPRESS_CREDIT_ACCOUNT_MASTER_TRUST_2025-01-30_424H.txt,101456
AMERICAN_EXPRESS_CREDIT_ACCOUNT_MASTER_TRUST_2025-05-01_424H.htm,AMERICAN_EXPRESS_CREDIT_ACCOUNT_MASTER_TRUST_2025-05-01_424H.txt,101361
AMERICAN_EXPRESS_CREDIT_ACCOUNT_MASTER_TRUST_2025-07-10_424H.htm,AMERICAN_EXPRESS_CREDIT_ACCOUNT_MASTER_TRUST_2025-07-10_424H.txt,101009
AMERICAN_HONDA_RECEIVABLES_LLC_2024-05-07_424H.htm,AMERICAN_HONDA_RECEIVABLES_LLC_2024-05-07_424H.txt,102822
AMERICAN_HONDA_RECEIVABLES_LLC_2024-08-06_424H.htm,AMERICAN_HONDA_RECEIVABLES_LLC_2024-08-06_424H.txt,101747
AMERICAN_HONDA_RECEIVABLES_LLC_2024-10-08_424H.htm,AMERICAN_HONDA_RECEIVABLES_LLC_2024-10-08_424H.txt,102849
AMERICAN_HONDA_RECEIVABLES_LLC_2025-01-29_424H.htm,AMERICAN_HONDA_RECEIVABLES_LLC_2025-01-29_424H.txt,102117
AMERICAN_HONDA_RECEIVABLES_LLC_2025-04-24_424H.htm,AMERICAN_HONDA_RECEIVABLES_LLC_2025-04-24_424H.txt,113528
AMERICAN_HONDA_RECEIVABLES_LLC_2025-07-30_424H.htm,AMERICAN_HONDA_RECEIVABLES_LLC_2025-07-30_424H.txt,112083
AMERICAN_HONDA_RECEIVABLES_LLC_2025-10-29_424H.htm,AMERICAN_HONDA_RECEIVABLES_LLC_2025-10-29_424H.txt,113585
AMERICAN_HONDA_RECEIVABLES_LLC_2026-02-03_424H.htm,AMERICAN_HONDA_RECEIVABLES_LLC_2026-02-03_424H.txt,118796
AMERICAN_HONDA_RECEIVABLES_LLC_2026-04-29_424H.htm,AMERICAN_HONDA_RECEIVABLES_LLC_2026-04-29_424H.txt,119967
AMERICAN_HONDA_RECEIVABLES_LLC_2026-07-29_424H.htm,AMERICAN_HONDA_RECEIVABLES_LLC_2026-07-29_424H.txt,118439
Ally_Auto_Assets_LLC_2024-02-28_424H.htm,Ally_Auto_Assets_LLC_2024-02-28_424H.txt,113722
Ally_Auto_Assets_LLC_2024-09-19_424H.htm,Ally_Auto_Assets_LLC_2024-09-19_424H.txt,110028
Ally_Auto_Assets_LLC_2025-10-01_424H.htm,Ally_Auto_Assets_LLC_2025-10-01_424H.txt,113095
Ally_Auto_Assets_LLC_2026-02-26_424H.htm,Ally_Auto_Assets_LLC_2026-02-26_424H.txt,115984
BMW_AUTO_LEASING_LLC_2024-02-01_424H.htm,BMW_AUTO_LEASING_LLC_2024-02-01_424H.txt,126588
BMW_AUTO_LEASING_LLC_2024-09-26_424H.htm,BMW_AUTO_LEASING_LLC_2024-09-26_424H.txt,129387
BMW_AUTO_LEASING_LLC_2025-05-29_424H.htm,BMW_AUTO_LEASING_LLC_2025-05-29_424H.txt,129797
BMW_AUTO_LEASING_LLC_2025-10-02_424H.htm,BMW_AUTO_LEASING_LLC_2025-10-02_424H.txt,131909
BMW_AUTO_LEASING_LLC_2026-04-09_424H.htm,BMW_AUTO_LEASING_LLC_2026-04-09_424H.txt,133493
Bridgecrest_Auto_Funding_LLC_2024-04-11_424H.htm,Bridgecrest_Auto_Funding_LLC_2024-04-11_424H.txt,128461
Bridgecrest_Auto_Funding_LLC_2024-07-11_424H.htm,Bridgecrest_Auto_Funding_LLC_2024-07-11_424H.txt,129911
Bridgecrest_Auto_Funding_LLC_2024-10-10_424H.htm,Bridgecrest_Auto_Funding_LLC_2024-10-10_424H.txt,137783
Bridgecrest_Auto_Funding_LLC_2025-01-15_424H.htm,Bridgecrest_Auto_Funding_LLC_2025-01-15_424H.txt,138362
Bridgecrest_Auto_Funding_LLC_2025-05-12_424H.htm,Bridgecrest_Auto_Funding_LLC_2025-05-12_424H.txt,141928
Bridgecrest_Auto_Funding_LLC_2025-07-16_424H.htm,Bridgecrest_Auto_Funding_LLC_2025-07-16_424H.txt,125532
Bridgecrest_Auto_Funding_LLC_2025-10-08_424H.htm,Bridgecrest_Auto_Funding_LLC_2025-10-08_424H.txt,149090
Bridgecrest_Auto_Funding_LLC_2026-01-14_424H.htm,Bridgecrest_Auto_Funding_LLC_2026-01-14_424H.txt,151706
Bridgecrest_Auto_Funding_LLC_2026-04-13_424H.htm,Bridgecrest_Auto_Funding_LLC_2026-04-13_424H.txt,139117
Bridgecrest_Auto_Funding_LLC_2026-07-15_424H.htm,Bridgecrest_Auto_Funding_LLC_2026-07-15_424H.txt,139460
Bridgecrest_Lending_Auto_Securitization_Trust_2026-1_2026-01-14_424H.htm,Bridgecrest_Lending_Auto_Securitization_Trust_2026-1_2026-01-14_424H.txt,151706
CARMAX_AUTO_FUNDING_LLC_2025-03-12_424H.htm,CARMAX_AUTO_FUNDING_LLC_2025-03-12_424H.txt,178827
CARMAX_AUTO_FUNDING_LLC_2025-04-21_424H.htm,CARMAX_AUTO_FUNDING_LLC_2025-04-21_424H.txt,117281
CARMAX_AUTO_FUNDING_LLC_2025-07-10_424H.htm,CARMAX_AUTO_FUNDING_LLC_2025-07-10_424H.txt,118287
CARMAX_AUTO_FUNDING_LLC_2025-09-09_424H.htm,CARMAX_AUTO_FUNDING_LLC_2025-09-09_424H.txt,173376
CARMAX_AUTO_FUNDING_LLC_2025-10-08_424H.htm,CARMAX_AUTO_FUNDING_LLC_2025-10-08_424H.txt,123892
CARMAX_AUTO_FUNDING_LLC_2026-01-14_424H.htm,CARMAX_AUTO_FUNDING_LLC_2026-01-14_424H.txt,124945
CARMAX_AUTO_FUNDING_LLC_2026-02-11_424H.htm,CARMAX_AUTO_FUNDING_LLC_2026-02-11_424H.txt,178447
CARMAX_AUTO_FUNDING_LLC_2026-04-15_424H.htm,CARMAX_AUTO_FUNDING_LLC_2026-04-15_424H.txt,132562
CARMAX_AUTO_FUNDING_LLC_2026-06-04_424H.htm,CARMAX_AUTO_FUNDING_LLC_2026-06-04_424H.txt,160481
CARMAX_AUTO_FUNDING_LLC_2026-07-08_424H.htm,CARMAX_AUTO_FUNDING_LLC_2026-07-08_424H.txt,132187
FORD_CREDIT_AUTO_RECEIVABLES_TWO_LLC_2024-03-11_424H.htm,FORD_CREDIT_AUTO_RECEIVABLES_TWO_LLC_2024-03-11_424H.txt,103152
FORD_CREDIT_AUTO_RECEIVABLES_TWO_LLC_2024-06-13_424H.htm,FORD_CREDIT_AUTO_RECEIVABLES_TWO_LLC_2024-06-13_424H.txt,104315
FORD_CREDIT_AUTO_RECEIVABLES_TWO_LLC_2024-09-12_424H.htm,FORD_CREDIT_AUTO_RECEIVABLES_TWO_LLC_2024-09-12_424H.txt,107161
FORD_CREDIT_AUTO_RECEIVABLES_TWO_LLC_2024-11-14_424H.htm,FORD_CREDIT_AUTO_RECEIVABLES_TWO_LLC_2024-11-14_424H.txt,107718
FORD_CREDIT_AUTO_RECEIVABLES_TWO_LLC_2025-03-13_424H.htm,FORD_CREDIT_AUTO_RECEIVABLES_TWO_LLC_2025-03-13_424H.txt,105279
FORD_CREDIT_AUTO_RECEIVABLES_TWO_LLC_2025-09-18_424H.htm,FORD_CREDIT_AUTO_RECEIVABLES_TWO_LLC_2025-09-18_424H.txt,107935
FORD_CREDIT_AUTO_RECEIVABLES_TWO_LLC_2025-11-13_424H.htm,FORD_CREDIT_AUTO_RECEIVABLES_TWO_LLC_2025-11-13_424H.txt,98276
FORD_CREDIT_AUTO_RECEIVABLES_TWO_LLC_2026-03-12_424H.htm,FORD_CREDIT_AUTO_RECEIVABLES_TWO_LLC_2026-03-12_424H.txt,106525
FORD_CREDIT_AUTO_RECEIVABLES_TWO_LLC_2026-06-11_424H.htm,FORD_CREDIT_AUTO_RECEIVABLES_TWO_LLC_2026-06-11_424H.txt,107296
HARLEY-DAVIDSON_CUSTOMER_FUNDING_CORP__2024-05-08_424H.htm,HARLEY-DAVIDSON_CUSTOMER_FUNDING_CORP__2024-05-08_424H.txt,128312
HARLEY-DAVIDSON_CUSTOMER_FUNDING_CORP__2024-09-11_424H.htm,HARLEY-DAVIDSON_CUSTOMER_FUNDING_CORP__2024-09-11_424H.txt,131403
HARLEY-DAVIDSON_CUSTOMER_FUNDING_CORP__2025-05-14_424H.htm,HARLEY-DAVIDSON_CUSTOMER_FUNDING_CORP__2025-05-14_424H.txt,144782
HYUNDAI_ABS_FUNDING_LLC_2024-03-06_424H.htm,HYUNDAI_ABS_FUNDING_LLC_2024-03-06_424H.txt,165016
HYUNDAI_ABS_FUNDING_LLC_2024-07-11_424H.htm,HYUNDAI_ABS_FUNDING_LLC_2024-07-11_424H.txt,166260
HYUNDAI_ABS_FUNDING_LLC_2024-10-02_424H.htm,HYUNDAI_ABS_FUNDING_LLC_2024-10-02_424H.txt,172263
HYUNDAI_ABS_FUNDING_LLC_2025-02-27_424H.htm,HYUNDAI_ABS_FUNDING_LLC_2025-02-27_424H.txt,181393
HYUNDAI_ABS_FUNDING_LLC_2025-05-28_424H.htm,HYUNDAI_ABS_FUNDING_LLC_2025-05-28_424H.txt,186189
HYUNDAI_ABS_FUNDING_LLC_2025-09-04_424H.htm,HYUNDAI_ABS_FUNDING_LLC_2025-09-04_424H.txt,189188
HYUNDAI_ABS_FUNDING_LLC_2025-10-29_424H.htm,HYUNDAI_ABS_FUNDING_LLC_2025-10-29_424H.txt,193186
HYUNDAI_ABS_FUNDING_LLC_2026-02-04_424H.htm,HYUNDAI_ABS_FUNDING_LLC_2026-02-04_424H.txt,197909
HYUNDAI_ABS_FUNDING_LLC_2026-06-04_424H.htm,HYUNDAI_ABS_FUNDING_LLC_2026-06-04_424H.txt,187510
SANTANDER_DRIVE_AUTO_RECEIVABLES_LLC_2024-08-07_424H.htm,SANTANDER_DRIVE_AUTO_RECEIVABLES_LLC_2024-08-07_424H.txt,173256
SANTANDER_DRIVE_AUTO_RECEIVABLES_LLC_2024-09-11_424H.htm,SANTANDER_DRIVE_AUTO_RECEIVABLES_LLC_2024-09-11_424H.txt,125497
SANTANDER_DRIVE_AUTO_RECEIVABLES_LLC_2024-10-10_424H.htm,SANTANDER_DRIVE_AUTO_RECEIVABLES_LLC_2024-10-10_424H.txt,140120
SANTANDER_DRIVE_AUTO_RECEIVABLES_LLC_2025-01-10_424H.htm,SANTANDER_DRIVE_AUTO_RECEIVABLES_LLC_2025-01-10_424H.txt,177555
SANTANDER_DRIVE_AUTO_RECEIVABLES_LLC_2025-03-12_424H.htm,SANTANDER_DRIVE_AUTO_RECEIVABLES_LLC_2025-03-12_424H.txt,152329
SANTANDER_DRIVE_AUTO_RECEIVABLES_LLC_2025-05-14_424H.htm,SANTANDER_DRIVE_AUTO_RECEIVABLES_LLC_2025-05-14_424H.txt,113082
SANTANDER_DRIVE_AUTO_RECEIVABLES_LLC_2025-07-17_424H.htm,SANTANDER_DRIVE_AUTO_RECEIVABLES_LLC_2025-07-17_424H.txt,157924
SANTANDER_DRIVE_AUTO_RECEIVABLES_LLC_2025-09-10_424H.htm,SANTANDER_DRIVE_AUTO_RECEIVABLES_LLC_2025-09-10_424H.txt,126117
SANTANDER_DRIVE_AUTO_RECEIVABLES_LLC_2025-11-06_424H.htm,SANTANDER_DRIVE_AUTO_RECEIVABLES_LLC_2025-11-06_424H.txt,149207
SANTANDER_DRIVE_AUTO_RECEIVABLES_LLC_2026-02-11_424H.htm,SANTANDER_DRIVE_AUTO_RECEIVABLES_LLC_2026-02-11_424H.txt,161107
TOYOTA_AUTO_FINANCE_RECEIVABLES_LLC_2024-04-18_424H.htm,TOYOTA_AUTO_FINANCE_RECEIVABLES_LLC_2024-04-18_424H.txt,139041
TOYOTA_AUTO_FINANCE_RECEIVABLES_LLC_2024-07-17_424H.htm,TOYOTA_AUTO_FINANCE_RECEIVABLES_LLC_2024-07-17_424H.txt,138978
TOYOTA_AUTO_FINANCE_RECEIVABLES_LLC_2024-10-07_424H.htm,TOYOTA_AUTO_FINANCE_RECEIVABLES_LLC_2024-10-07_424H.txt,140113
TOYOTA_AUTO_FINANCE_RECEIVABLES_LLC_2025-01-15_424H.htm,TOYOTA_AUTO_FINANCE_RECEIVABLES_LLC_2025-01-15_424H.txt,137674
TOYOTA_AUTO_FINANCE_RECEIVABLES_LLC_2025-04-21_424H.htm,TOYOTA_AUTO_FINANCE_RECEIVABLES_LLC_2025-04-21_424H.txt,149118
TOYOTA_AUTO_FINANCE_RECEIVABLES_LLC_2025-07-16_424H.htm,TOYOTA_AUTO_FINANCE_RECEIVABLES_LLC_2025-07-16_424H.txt,148511
TOYOTA_AUTO_FINANCE_RECEIVABLES_LLC_2025-10-08_424H.htm,TOYOTA_AUTO_FINANCE_RECEIVABLES_LLC_2025-10-08_424H.txt,150372
TOYOTA_AUTO_FINANCE_RECEIVABLES_LLC_2026-01-07_424H.htm,TOYOTA_AUTO_FINANCE_RECEIVABLES_LLC_2026-01-07_424H.txt,145962
TOYOTA_AUTO_FINANCE_RECEIVABLES_LLC_2026-04-08_424H.htm,TOYOTA_AUTO_FINANCE_RECEIVABLES_LLC_2026-04-08_424H.txt,147583
TOYOTA_AUTO_FINANCE_RECEIVABLES_LLC_2026-07-08_424H.htm,TOYOTA_AUTO_FINANCE_RECEIVABLES_LLC_2026-07-08_424H.txt,149257
Verizon_ABS_II_LLC_2025-07-22_424H.htm,Verizon_ABS_II_LLC_2025-07-22_424H.txt,135585
Verizon_ABS_II_LLC_2025-08-04_424H.htm,Verizon_ABS_II_LLC_2025-08-04_424H.txt,135972
Verizon_ABS_II_LLC_2025-09-03_424H.htm,Verizon_ABS_II_LLC_2025-09-03_424H.txt,138158
Verizon_ABS_II_LLC_2025-11-13_424H.htm,Verizon_ABS_II_LLC_2025-11-13_424H.txt,138664
Verizon_ABS_II_LLC_2026-03-02_424H.htm,Verizon_ABS_II_LLC_2026-03-02_424H.txt,137530
Verizon_ABS_II_LLC_2026-06-22_424H.htm,Verizon_ABS_II_LLC_2026-06-22_424H.txt,138491
WELLS_FARGO_COMMERCIAL_MORTGAGE_SECURITIES_INC_2025-09-17_424H.htm,WELLS_FARGO_COMMERCIAL_MORTGAGE_SECURITIES_INC_2025-09-17_424H.txt,515875
WELLS_FARGO_COMMERCIAL_MORTGAGE_SECURITIES_INC_2025-09-30_424H.htm,WELLS_FARGO_COMMERCIAL_MORTGAGE_SECURITIES_INC_2025-09-30_424H.txt,530096
WELLS_FARGO_COMMERCIAL_MORTGAGE_SECURITIES_INC_2025-11-13_424H.htm,WELLS_FARGO_COMMERCIAL_MORTGAGE_SECURITIES_INC_2025-11-13_424H.txt,492243
WELLS_FARGO_COMMERCIAL_MORTGAGE_SECURITIES_INC_2025-12-01_424H.htm,WELLS_FARGO_COMMERCIAL_MORTGAGE_SECURITIES_INC_2025-12-01_424H.txt,658700
WELLS_FARGO_COMMERCIAL_MORTGAGE_SECURITIES_INC_2025-12-08_424H.htm,WELLS_FARGO_COMMERCIAL_MORTGAGE_SECURITIES_INC_2025-12-08_424H.txt,570307
WELLS_FARGO_COMMERCIAL_MORTGAGE_SECURITIES_INC_2026-02-11_424H.htm,WELLS_FARGO_COMMERCIAL_MORTGAGE_SECURITIES_INC_2026-02-11_424H.txt,491029
WELLS_FARGO_COMMERCIAL_MORTGAGE_SECURITIES_INC_2026-03-23_424H.htm,WELLS_FARGO_COMMERCIAL_MORTGAGE_SECURITIES_INC_2026-03-23_424H.txt,517619
WELLS_FARGO_COMMERCIAL_MORTGAGE_SECURITIES_INC_2026-05-05_424H.htm,WELLS_FARGO_COMMERCIAL_MORTGAGE_SECURITIES_INC_2026-05-05_424H.txt,415727
WELLS_FARGO_COMMERCIAL_MORTGAGE_SECURITIES_INC_2026-05-15_424H.htm,WELLS_FARGO_COMMERCIAL_MORTGAGE_SECURITIES_INC_2026-05-15_424H.txt,570566
WELLS_FARGO_COMMERCIAL_MORTGAGE_SECURITIES_INC_2026-06-10_424H.htm,WELLS_FARGO_COMMERCIAL_MORTGAGE_SECURITIES_INC_2026-06-10_424H.txt,502644
WORLD_OMNI_AUTO_RECEIVABLES_LLC_2024-08-07_424H.htm,WORLD_OMNI_AUTO_RECEIVABLES_LLC_2024-08-07_424H.txt,134485
WORLD_OMNI_AUTO_RECEIVABLES_LLC_2025-01-14_424H.htm,WORLD_OMNI_AUTO_RECEIVABLES_LLC_2025-01-14_424H.txt,133988
WORLD_OMNI_AUTO_RECEIVABLES_LLC_2025-05-01_424H.htm,WORLD_OMNI_AUTO_RECEIVABLES_LLC_2025-05-01_424H.txt,134732
WORLD_OMNI_AUTO_RECEIVABLES_LLC_2025-07-28_424H.htm,WORLD_OMNI_AUTO_RECEIVABLES_LLC_2025-07-28_424H.txt,138239
WORLD_OMNI_AUTO_RECEIVABLES_LLC_2025-09-10_424H.htm,WORLD_OMNI_AUTO_RECEIVABLES_LLC_2025-09-10_424H.txt,113527
WORLD_OMNI_AUTO_RECEIVABLES_LLC_2025-10-01_424H.htm,WORLD_OMNI_AUTO_RECEIVABLES_LLC_2025-10-01_424H.txt,126722
WORLD_OMNI_AUTO_RECEIVABLES_LLC_2026-02-02_424H.htm,WORLD_OMNI_AUTO_RECEIVABLES_LLC_2026-02-02_424H.txt,136208
WORLD_OMNI_AUTO_RECEIVABLES_LLC_2026-04-29_424H.htm,WORLD_OMNI_AUTO_RECEIVABLES_LLC_2026-04-29_424H.txt,137021
WORLD_OMNI_AUTO_RECEIVABLES_LLC_2026-07-13_424H.htm,WORLD_OMNI_AUTO_RECEIVABLES_LLC_2026-07-13_424H.txt,113242
WORLD_OMNI_AUTO_RECEIVABLES_LLC_2026-08-12_424H.htm,WORLD_OMNI_AUTO_RECEIVABLES_LLC_2026-08-12_424H.txt,126429
